{
    "labels": [
        "791492648",
        "791492648",
        "791492648",
        "792399666",
        "792399666",
        "792399666",
        "793261523",
        "793261523"
    ],
    "times": [
        114.11085820198059,
        114.83203101158142,
        114.71883177757263,
        114.48942375183105,
        115.08617091178894,
        114.88272452354431,
        113.98185276985168,
        114.04289937019348
    ],
    "change_points": [],
    "ticks": {
        "min": 113.76098914146424,
        "max": 115.30703454017639
    }
}