{
    "labels": [
        "791492648",
        "791492648",
        "791492648",
        "792399666",
        "792399666",
        "792399666",
        "793261523",
        "793261523",
        "794829766",
        "795668572",
        "795668572",
        "795668572",
        "796137693",
        "796137693",
        "796137693",
        "796554015",
        "796554015",
        "797398455",
        "797398455",
        "797398455",
        "798479938",
        "799491427",
        "799491427",
        "800332152",
        "800332152",
        "800332152",
        "801502328",
        "801502328",
        "801502328"
    ],
    "times": [
        114.11085820198059,
        114.83203101158142,
        114.71883177757263,
        114.48942375183105,
        115.08617091178894,
        114.88272452354431,
        113.98185276985168,
        114.04289937019348,
        114.06573295593262,
        114.41298699378967,
        113.84422373771667,
        114.01130819320679,
        115.6553258895874,
        115.34251689910889,
        115.31296825408936,
        114.3852469921112,
        114.30377101898193,
        114.73008608818054,
        115.42465615272522,
        115.17054867744446,
        114.71760082244873,
        115.08088636398315,
        114.06998038291931,
        112.72759509086609,
        113.69078612327576,
        112.80185222625732,
        113.88264751434326,
        114.32581615447998,
        114.46886587142944
    ],
    "change_points": [],
    "ticks": {
        "min": 112.14204893112182,
        "max": 116.24087204933167
    }
}