{
    "labels": [
        "791492648",
        "791492648",
        "791492648",
        "792399666",
        "792399666",
        "792399666",
        "793261523",
        "793261523",
        "794829766",
        "795668572",
        "795668572",
        "795668572",
        "796137693",
        "796137693",
        "796137693",
        "796554015",
        "796554015"
    ],
    "times": [
        114.11085820198059,
        114.83203101158142,
        114.71883177757263,
        114.48942375183105,
        115.08617091178894,
        114.88272452354431,
        113.98185276985168,
        114.04289937019348,
        114.06573295593262,
        114.41298699378967,
        113.84422373771667,
        114.01130819320679,
        115.6553258895874,
        115.34251689910889,
        115.31296825408936,
        114.3852469921112,
        114.30377101898193
    ],
    "change_points": [],
    "ticks": {
        "min": 113.48200330734252,
        "max": 116.01754631996155
    }
}