{
    "labels": [
        "791492648",
        "791492648",
        "791492648"
    ],
    "times": [
        114.11085820198059,
        114.83203101158142,
        114.71883177757263
    ],
    "change_points": [],
    "ticks": {
        "min": 113.96662364006042,
        "max": 114.97626557350159
    }
}