{
    "labels": [
        "791492648",
        "791492648",
        "791492648",
        "792399666",
        "792399666",
        "792399666",
        "793261523",
        "793261523",
        "794829766",
        "795668572",
        "795668572",
        "795668572",
        "796137693",
        "796137693",
        "796137693",
        "796554015",
        "796554015",
        "797398455",
        "797398455",
        "797398455",
        "798479938",
        "799491427",
        "799491427",
        "800332152",
        "800332152",
        "800332152",
        "801502328",
        "801502328",
        "801502328",
        "801999453",
        "802438149",
        "802438149",
        "803348182",
        "804467530",
        "805524704",
        "806574329",
        "807422385",
        "807783820",
        "808206727",
        "809073893",
        "809073893"
    ],
    "times": [
        114.11085820198059,
        114.83203101158142,
        114.71883177757263,
        114.48942375183105,
        115.08617091178894,
        114.88272452354431,
        113.98185276985168,
        114.04289937019348,
        114.06573295593262,
        114.41298699378967,
        113.84422373771667,
        114.01130819320679,
        115.6553258895874,
        115.34251689910889,
        115.31296825408936,
        114.3852469921112,
        114.30377101898193,
        114.73008608818054,
        115.42465615272522,
        115.17054867744446,
        114.71760082244873,
        115.08088636398315,
        114.06998038291931,
        112.72759509086609,
        113.69078612327576,
        112.80185222625732,
        113.88264751434326,
        114.32581615447998,
        114.46886587142944,
        113.57166862487793,
        113.97480988502502,
        113.74710059165955,
        113.73972511291504,
        111.44865989685059,
        112.44723606109619,
        110.78849482536316,
        111.71068978309631,
        112.25609946250916,
        111.25025629997253,
        112.27807235717773,
        111.27599143981934
    ],
    "change_points": [
        33
    ],
    "ticks": {
        "min": 109.81512861251831,
        "max": 116.62869210243225
    }
}