{
    "labels": [
        "791492648",
        "791492648",
        "791492648",
        "792399666",
        "792399666",
        "792399666"
    ],
    "times": [
        114.11085820198059,
        114.83203101158142,
        114.71883177757263,
        114.48942375183105,
        115.08617091178894,
        114.88272452354431
    ],
    "change_points": [],
    "ticks": {
        "min": 113.91579566001892,
        "max": 115.28123345375062
    }
}