{
    "labels": [
        "926422613",
        "926422613",
        "927506329",
        "929445220",
        "929445220",
        "929445220"
    ],
    "times": [
        34.774964332580566,
        34.47068977355957,
        34.42650771141052,
        35.36073613166809,
        35.137598514556885,
        35.34373879432678
    ],
    "change_points": [
        3
    ],
    "ticks": {
        "min": 34.23966202735901,
        "max": 35.5475818157196
    }
}