{
    "labels": [
        "926422613",
        "926422613",
        "927506329"
    ],
    "times": [
        34.774964332580566,
        34.47068977355957,
        34.42650771141052
    ],
    "change_points": [],
    "ticks": {
        "min": 34.356816387176515,
        "max": 34.844655656814574
    }
}