{
    "labels": [
        "926422613",
        "926422613",
        "927506329",
        "929445220",
        "929445220",
        "929445220",
        "930220777",
        "936207387",
        "937242999",
        "938610480",
        "938610480",
        "939484691",
        "939865346",
        "939865346",
        "940120224",
        "940120224",
        "940120224"
    ],
    "times": [
        34.774964332580566,
        34.47068977355957,
        34.42650771141052,
        35.36073613166809,
        35.137598514556885,
        35.34373879432678,
        34.18854522705078,
        34.55768918991089,
        33.676274061203,
        35.01595592498779,
        34.731056451797485,
        34.15674161911011,
        34.77243947982788,
        35.11725831031799,
        34.95267176628113,
        34.86600184440613,
        34.71308898925781
    ],
    "change_points": [],
    "ticks": {
        "min": 33.33938164710999,
        "max": 35.697628545761106
    }
}