{
    "labels": [
        "926422613",
        "926422613",
        "927506329",
        "929445220",
        "929445220",
        "929445220",
        "930220777",
        "936207387",
        "937242999",
        "938610480",
        "938610480",
        "939484691",
        "939865346",
        "939865346",
        "940120224",
        "940120224",
        "940120224",
        "940477505",
        "940477505",
        "941730468",
        "942846279",
        "942846279",
        "944970970",
        "945889018",
        "946224317",
        "948005300",
        "948005300"
    ],
    "times": [
        34.774964332580566,
        34.47068977355957,
        34.42650771141052,
        35.36073613166809,
        35.137598514556885,
        35.34373879432678,
        34.18854522705078,
        34.55768918991089,
        33.676274061203,
        35.01595592498779,
        34.731056451797485,
        34.15674161911011,
        34.77243947982788,
        35.11725831031799,
        34.95267176628113,
        34.86600184440613,
        34.71308898925781,
        34.765247106552124,
        34.94519877433777,
        34.977267265319824,
        34.31616830825806,
        34.078043937683105,
        33.89418649673462,
        35.379985094070435,
        34.04712128639221,
        34.71280813217163,
        34.75726556777954
    ],
    "change_points": [],
    "ticks": {
        "min": 33.335531854629515,
        "max": 35.72072730064392
    }
}