{
    "labels": [
        "926422613",
        "926422613",
        "927506329",
        "929445220",
        "929445220",
        "929445220",
        "930220777",
        "936207387",
        "937242999"
    ],
    "times": [
        34.774964332580566,
        34.47068977355957,
        34.42650771141052,
        35.36073613166809,
        35.137598514556885,
        35.34373879432678,
        34.18854522705078,
        34.55768918991089,
        33.676274061203
    ],
    "change_points": [],
    "ticks": {
        "min": 33.33938164710999,
        "max": 35.697628545761106
    }
}