{
    "labels": [
        "926422613",
        "926422613"
    ],
    "times": [
        34.774964332580566,
        34.47068977355957
    ],
    "change_points": [],
    "ticks": {
        "min": 34.40983486175537,
        "max": 34.835819244384766
    }
}