{
    "labels": [
        "926422613",
        "926422613",
        "927506329",
        "929445220",
        "929445220",
        "929445220",
        "930220777"
    ],
    "times": [
        34.774964332580566,
        34.47068977355957,
        34.42650771141052,
        35.36073613166809,
        35.137598514556885,
        35.34373879432678,
        34.18854522705078
    ],
    "change_points": [],
    "ticks": {
        "min": 33.95410704612732,
        "max": 35.59517431259155
    }
}