{
    "labels": [
        "783957940",
        "784852674",
        "784852674",
        "784852674",
        "784852674",
        "785598040",
        "785598040",
        "786205345",
        "786205345",
        "786504363",
        "786504363"
    ],
    "times": [
        27.996163845062256,
        28.516985177993774,
        28.449822187423706,
        28.335670948028564,
        28.16281008720398,
        28.478639125823975,
        28.113706350326538,
        28.176677465438843,
        28.15745234489441,
        28.15212607383728,
        28.363104104995728
    ],
    "change_points": [],
    "ticks": {
        "min": 27.891999578475954,
        "max": 28.621149444580077
    }
}