{
    "labels": [
        "783957940"
    ],
    "times": [
        27.996163845062256
    ],
    "change_points": [],
    "ticks": {
        "min": 27.996163845062256,
        "max": 27.996163845062256
    }
}