{
    "labels": [
        "783957940",
        "784852674",
        "784852674",
        "784852674",
        "784852674",
        "785598040",
        "785598040",
        "786205345",
        "786205345",
        "786504363",
        "786504363",
        "786804099",
        "787580842",
        "787580842",
        "787580842",
        "789213040",
        "789213040",
        "789213040",
        "791492648",
        "791492648",
        "792399666",
        "792399666",
        "793261523",
        "793261523",
        "793261523",
        "794829766"
    ],
    "times": [
        27.996163845062256,
        28.516985177993774,
        28.449822187423706,
        28.335670948028564,
        28.16281008720398,
        28.478639125823975,
        28.113706350326538,
        28.176677465438843,
        28.15745234489441,
        28.15212607383728,
        28.363104104995728,
        28.206806898117065,
        28.862668991088867,
        29.07318377494812,
        28.67323899269104,
        28.58941102027893,
        28.399534940719604,
        28.59426474571228,
        28.511224508285522,
        28.69671869277954,
        28.616658449172974,
        28.81159234046936,
        28.55960512161255,
        28.67726755142212,
        28.41296672821045,
        28.48404026031494
    ],
    "change_points": [
        12
    ],
    "ticks": {
        "min": 27.780759859085084,
        "max": 29.288587760925292
    }
}