{
    "labels": [
        "783957940",
        "784852674",
        "784852674",
        "784852674",
        "784852674"
    ],
    "times": [
        27.996163845062256,
        28.516985177993774,
        28.449822187423706,
        28.335670948028564,
        28.16281008720398
    ],
    "change_points": [],
    "ticks": {
        "min": 27.891999578475954,
        "max": 28.621149444580077
    }
}