{
    "labels": [
        "694063335",
        "694724959",
        "694724959"
    ],
    "times": [
        77.02221703529358,
        78.57149457931519,
        78.6492326259613
    ],
    "change_points": [],
    "ticks": {
        "min": 76.69681391716003,
        "max": 78.97463574409485
    }
}