{
    "labels": [
        "694063335"
    ],
    "times": [
        77.02221703529358
    ],
    "change_points": [],
    "ticks": {
        "min": 77.02221703529358,
        "max": 77.02221703529358
    }
}