{
    "labels": [
        "694063335",
        "694724959",
        "694724959",
        "697657021",
        "697657021",
        "697845972"
    ],
    "times": [
        77.02221703529358,
        78.57149457931519,
        78.6492326259613,
        73.45920491218567,
        73.10482573509216,
        78.13142418861389
    ],
    "change_points": [],
    "ticks": {
        "min": 71.99594435691833,
        "max": 79.75811400413514
    }
}