{
    "labels": [
        "694063335",
        "694724959",
        "694724959",
        "697657021",
        "697657021",
        "697845972",
        "709197643",
        "709697201",
        "709697201",
        "710455374",
        "710455374",
        "710725479",
        "711046145",
        "711046145",
        "711046145",
        "711875211",
        "713022850",
        "713733923",
        "715155759",
        "715155759",
        "715522561",
        "719116496",
        "719491810",
        "719751966"
    ],
    "times": [
        77.02221703529358,
        78.57149457931519,
        78.6492326259613,
        73.45920491218567,
        73.10482573509216,
        78.13142418861389,
        74.9543867111206,
        79.54070901870728,
        79.19249153137207,
        81.66466116905212,
        81.15283393859863,
        72.02260684967041,
        81.48345279693604,
        81.32982993125916,
        76.41065740585327,
        80.1268241405487,
        76.52379631996155,
        73.14222645759583,
        79.8115508556366,
        74.52734637260437,
        75.84240865707397,
        69.20651268959045,
        73.49193692207336,
        75.29355239868164
    ],
    "change_points": [],
    "ticks": {
        "min": 66.71488299369813,
        "max": 84.15629086494445
    }
}