{
    "labels": [
        "694063335",
        "694724959",
        "694724959",
        "697657021",
        "697657021",
        "697845972",
        "709197643",
        "709697201",
        "709697201",
        "710455374",
        "710455374",
        "710725479",
        "711046145",
        "711046145",
        "711046145",
        "711875211",
        "713022850",
        "713733923",
        "715155759",
        "715155759",
        "715522561",
        "719116496",
        "719491810",
        "719751966",
        "722868768",
        "722868768",
        "723630202",
        "723938253",
        "724207049",
        "726026770",
        "726026770",
        "726850402",
        "726850402",
        "726850402",
        "727761689",
        "727761689",
        "728722546",
        "728722546",
        "729030051",
        "729821397",
        "730967331",
        "730967331"
    ],
    "times": [
        77.02221703529358,
        78.57149457931519,
        78.6492326259613,
        73.45920491218567,
        73.10482573509216,
        78.13142418861389,
        74.9543867111206,
        79.54070901870728,
        79.19249153137207,
        81.66466116905212,
        81.15283393859863,
        72.02260684967041,
        81.48345279693604,
        81.32982993125916,
        76.41065740585327,
        80.1268241405487,
        76.52379631996155,
        73.14222645759583,
        79.8115508556366,
        74.52734637260437,
        75.84240865707397,
        69.20651268959045,
        73.49193692207336,
        75.29355239868164,
        78.77574038505554,
        74.83765912055969,
        71.03964686393738,
        76.24680805206299,
        76.50660371780396,
        73.26577711105347,
        72.67288255691528,
        82.0955126285553,
        81.29360246658325,
        80.81577229499817,
        81.2046799659729,
        77.43571734428406,
        83.84391021728516,
        81.75832772254944,
        74.85042572021484,
        74.56071281433105,
        73.37327718734741,
        72.78104209899902
    ],
    "change_points": [],
    "ticks": {
        "min": 66.27903318405151,
        "max": 86.7713897228241
    }
}