{
    "labels": [
        "694063335",
        "694724959",
        "694724959",
        "697657021",
        "697657021",
        "697845972",
        "709197643",
        "709697201",
        "709697201"
    ],
    "times": [
        77.02221703529358,
        78.57149457931519,
        78.6492326259613,
        73.45920491218567,
        73.10482573509216,
        78.13142418861389,
        74.9543867111206,
        79.54070901870728,
        79.19249153137207
    ],
    "change_points": [],
    "ticks": {
        "min": 71.81764907836914,
        "max": 80.8278856754303
    }
}