{
    "labels": [
        "612893019"
    ],
    "times": [
        88.53778123855591
    ],
    "change_points": [],
    "ticks": {
        "min": 88.53778123855591,
        "max": 88.53778123855591
    }
}