{
    "labels": [
        "612893019",
        "613525669",
        "614153275",
        "614153275",
        "614866252",
        "615605133",
        "615961264",
        "616151615"
    ],
    "times": [
        88.53778123855591,
        86.98066020011902,
        92.70967984199524,
        92.31552720069885,
        88.43072557449341,
        88.78436732292175,
        86.61298203468323,
        92.75015640258789
    ],
    "change_points": [],
    "ticks": {
        "min": 85.3855471611023,
        "max": 93.97759127616882
    }
}