{
    "labels": [
        "612893019",
        "613525669",
        "614153275",
        "614153275",
        "614866252",
        "615605133",
        "615961264",
        "617750507",
        "621901070",
        "624515634",
        "624515634",
        "627535031",
        "627535031",
        "636836257",
        "641503729",
        "644354630",
        "646546008",
        "647838215",
        "649960615",
        "649960615",
        "656200121",
        "658316784",
        "659044296",
        "660432631",
        "660432631",
        "661835400",
        "661835400",
        "664494758",
        "665273443",
        "665619201",
        "665889805",
        "666439638",
        "667612159",
        "667612159",
        "676875421",
        "677609178",
        "677882822",
        "678199084",
        "678199084",
        "678983066",
        "678983066",
        "678983066",
        "679808642",
        "680430381"
    ],
    "times": [
        88.53778123855591,
        86.98066020011902,
        92.70967984199524,
        92.31552720069885,
        88.43072557449341,
        88.78436732292175,
        86.61298203468323,
        87.14241313934326,
        86.60950136184692,
        90.5136353969574,
        89.95225811004639,
        85.4867115020752,
        85.91254234313965,
        88.0767068862915,
        87.62868189811707,
        89.13158869743347,
        89.2842309474945,
        88.47734141349792,
        91.9392147064209,
        92.46299076080322,
        89.78933715820312,
        88.78602600097656,
        88.84851312637329,
        89.05538654327393,
        88.90846467018127,
        88.91147446632385,
        89.38668751716614,
        88.21842360496521,
        89.39263319969177,
        91.17791628837585,
        87.88985204696655,
        88.78972363471985,
        88.21383166313171,
        88.67701172828674,
        89.08883166313171,
        89.52834987640381,
        88.29826283454895,
        87.97509527206421,
        87.57517433166504,
        97.67945647239685,
        96.74936652183533,
        88.9716420173645,
        89.98433113098145,
        87.5915355682373
    ],
    "change_points": [],
    "ticks": {
        "min": 83.04816250801086,
        "max": 100.11800546646118
    }
}