{
    "labels": [
        "612893019",
        "613525669",
        "614153275",
        "614153275",
        "614866252"
    ],
    "times": [
        88.53778123855591,
        86.98066020011902,
        92.70967984199524,
        92.31552720069885,
        88.43072557449341
    ],
    "change_points": [],
    "ticks": {
        "min": 85.83485627174377,
        "max": 93.85548377037048
    }
}