{
    "labels": [
        "612893019",
        "613525669",
        "614153275",
        "614153275",
        "614866252",
        "615605133",
        "615961264",
        "617750507",
        "621901070",
        "624515634",
        "624515634",
        "627535031",
        "627535031",
        "636836257",
        "641503729",
        "644354630",
        "646546008",
        "647838215",
        "649960615",
        "649960615",
        "656200121",
        "658316784",
        "659044296",
        "660432631",
        "660432631",
        "661835400",
        "661835400",
        "662805003",
        "662805003",
        "662847678",
        "663226307"
    ],
    "times": [
        88.53778123855591,
        86.98066020011902,
        92.70967984199524,
        92.31552720069885,
        88.43072557449341,
        88.78436732292175,
        86.61298203468323,
        87.14241313934326,
        86.60950136184692,
        90.5136353969574,
        89.95225811004639,
        85.4867115020752,
        85.91254234313965,
        88.0767068862915,
        87.62868189811707,
        89.13158869743347,
        89.2842309474945,
        88.47734141349792,
        91.9392147064209,
        92.46299076080322,
        89.78933715820312,
        88.78602600097656,
        88.84851312637329,
        89.05538654327393,
        88.90846467018127,
        88.91147446632385,
        89.38668751716614,
        87.8736002445221,
        88.27391076087952,
        91.7225911617279,
        89.44032883644104
    ],
    "change_points": [],
    "ticks": {
        "min": 84.04211783409119,
        "max": 94.15427350997925
    }
}