{
    "labels": [
        "612893019",
        "613525669"
    ],
    "times": [
        88.53778123855591,
        86.98066020011902
    ],
    "change_points": [],
    "ticks": {
        "min": 86.66923599243164,
        "max": 88.84920544624329
    }
}