{
    "labels": [
        "925581880",
        "926422613",
        "926422613",
        "926422613",
        "927506329",
        "927506329",
        "927506329",
        "927506329",
        "929445220",
        "929445220",
        "930220777",
        "930220777",
        "930220777",
        "936207387",
        "936207387",
        "937242999"
    ],
    "times": [
        49.45449924468994,
        49.373650312423706,
        49.62629985809326,
        49.82806348800659,
        50.21834635734558,
        50.29629349708557,
        50.08013677597046,
        49.453681230545044,
        49.62487721443176,
        49.754884243011475,
        50.197672605514526,
        49.92986035346985,
        50.233397483825684,
        49.7634391784668,
        49.788838148117065,
        49.837151527404785
    ],
    "change_points": [],
    "ticks": {
        "min": 49.189121675491336,
        "max": 50.48082213401794
    }
}