{
    "labels": [
        "925581880",
        "926422613",
        "926422613",
        "926422613"
    ],
    "times": [
        49.45449924468994,
        49.373650312423706,
        49.62629985809326,
        49.82806348800659
    ],
    "change_points": [],
    "ticks": {
        "min": 49.28276767730713,
        "max": 49.91894612312317
    }
}