{
    "labels": [
        "925581880"
    ],
    "times": [
        49.45449924468994
    ],
    "change_points": [],
    "ticks": {
        "min": 49.45449924468994,
        "max": 49.45449924468994
    }
}