{
    "labels": [
        "925581880",
        "926422613",
        "926422613",
        "926422613",
        "927506329",
        "927506329",
        "927506329",
        "927506329",
        "929445220",
        "929445220",
        "930220777",
        "930220777",
        "930220777",
        "936207387",
        "936207387",
        "937242999",
        "938610480",
        "938610480",
        "939484691",
        "939484691",
        "939865346",
        "940120224",
        "940477505",
        "941730468",
        "941730468",
        "941730468",
        "941730468"
    ],
    "times": [
        49.45449924468994,
        49.373650312423706,
        49.62629985809326,
        49.82806348800659,
        50.21834635734558,
        50.29629349708557,
        50.08013677597046,
        49.453681230545044,
        49.62487721443176,
        49.754884243011475,
        50.197672605514526,
        49.92986035346985,
        50.233397483825684,
        49.7634391784668,
        49.788838148117065,
        49.837151527404785,
        50.10042405128479,
        49.993597984313965,
        49.73503136634827,
        49.67479920387268,
        48.71490979194641,
        49.3824348449707,
        49.89679193496704,
        50.150723934173584,
        49.69581198692322,
        50.17205739021301,
        50.07981252670288
    ],
    "change_points": [],
    "ticks": {
        "min": 48.398633050918576,
        "max": 50.612570238113406
    }
}