{
    "labels": [
        "925581880",
        "926422613",
        "926422613",
        "926422613",
        "927506329",
        "927506329",
        "927506329",
        "927506329"
    ],
    "times": [
        49.45449924468994,
        49.373650312423706,
        49.62629985809326,
        49.82806348800659,
        50.21834635734558,
        50.29629349708557,
        50.08013677597046,
        49.453681230545044
    ],
    "change_points": [],
    "ticks": {
        "min": 49.189121675491336,
        "max": 50.48082213401794
    }
}