{
    "labels": [
        "687475565",
        "687475565"
    ],
    "times": [
        66.42658424377441,
        65.8953001499176
    ],
    "change_points": [],
    "ticks": {
        "min": 65.78904333114625,
        "max": 66.53284106254577
    }
}