{
    "labels": [
        "687475565",
        "687475565",
        "688294602",
        "689038228",
        "689038228",
        "689038228"
    ],
    "times": [
        66.42658424377441,
        65.8953001499176,
        59.647921085357666,
        66.95269775390625,
        66.44965100288391,
        57.61065411567688
    ],
    "change_points": [],
    "ticks": {
        "min": 55.74224538803101,
        "max": 68.82110648155212
    }
}