{
    "labels": [
        "687475565",
        "687475565",
        "688294602",
        "689038228",
        "689038228",
        "689038228",
        "694063335",
        "694063335",
        "694724959",
        "697657021",
        "697845972",
        "709197643",
        "709697201",
        "709697201",
        "710455374",
        "710725479",
        "711046145",
        "711875211",
        "713022850",
        "713733923",
        "715155759",
        "715522561",
        "715522561",
        "719116496",
        "719491810",
        "719751966",
        "722868768",
        "722868768",
        "723630202",
        "723938253",
        "723938253",
        "723938253"
    ],
    "times": [
        66.42658424377441,
        65.8953001499176,
        59.647921085357666,
        66.95269775390625,
        66.44965100288391,
        57.61065411567688,
        68.41586351394653,
        64.4635374546051,
        57.81960082054138,
        66.8345513343811,
        56.1490957736969,
        63.18475031852722,
        66.90147876739502,
        64.31357836723328,
        56.0982985496521,
        58.00770044326782,
        56.994088649749756,
        55.274434089660645,
        59.82930588722229,
        65.83443140983582,
        60.84918999671936,
        66.90104126930237,
        66.31589412689209,
        55.07748603820801,
        59.28681302070618,
        55.07726216316223,
        58.020344734191895,
        57.16086554527283,
        64.99563121795654,
        68.17832493782043,
        68.0837619304657,
        58.49213719367981
    ],
    "change_points": [],
    "ticks": {
        "min": 52.40954189300537,
        "max": 71.0835837841034
    }
}