{
    "labels": [
        "687475565",
        "687475565",
        "688294602",
        "689038228",
        "689038228",
        "689038228",
        "694063335",
        "694063335",
        "694724959",
        "697657021"
    ],
    "times": [
        66.42658424377441,
        65.8953001499176,
        59.647921085357666,
        66.95269775390625,
        66.44965100288391,
        57.61065411567688,
        68.41586351394653,
        64.4635374546051,
        57.81960082054138,
        66.8345513343811
    ],
    "change_points": [],
    "ticks": {
        "min": 55.44961223602295,
        "max": 70.57690539360047
    }
}