{
    "labels": [
        "687475565",
        "687475565",
        "688294602"
    ],
    "times": [
        66.42658424377441,
        65.8953001499176,
        59.647921085357666
    ],
    "change_points": [],
    "ticks": {
        "min": 58.292188453674314,
        "max": 67.78231687545777
    }
}