{
    "labels": [
        "791492648",
        "791492648",
        "791492648",
        "792399666",
        "792399666",
        "792399666",
        "793261523",
        "794829766",
        "794829766",
        "794829766",
        "795668572",
        "795668572",
        "795668572",
        "796137693",
        "796137693",
        "796137693",
        "796554015",
        "796554015",
        "796554015",
        "797398455",
        "797398455",
        "797398455",
        "798479938",
        "798479938",
        "798479938",
        "799491427",
        "799491427",
        "799491427",
        "800332152",
        "800332152",
        "800332152",
        "801502328",
        "801502328",
        "801502328",
        "801999453",
        "801999453",
        "801999453",
        "802438149",
        "802438149",
        "802438149",
        "803348182",
        "803348182",
        "803348182"
    ],
    "times": [
        983.8081510066986,
        984.3990375995636,
        982.4139568805695,
        981.9463679790497,
        982.7327094078064,
        983.977251291275,
        978.307737827301,
        984.4308087825775,
        976.6667511463165,
        983.7023887634277,
        982.2899932861328,
        986.2638897895813,
        987.004251241684,
        986.7284669876099,
        987.4097545146942,
        983.2086079120636,
        985.331470489502,
        982.7080459594727,
        986.7080545425415,
        990.8757815361023,
        984.4497768878937,
        985.9456951618195,
        989.2575485706329,
        985.0089130401611,
        986.9265484809875,
        987.6321876049042,
        983.0073819160461,
        980.4573354721069,
        980.2698109149933,
        988.2494986057281,
        982.8849341869354,
        991.9806251525879,
        989.9329688549042,
        989.5968990325928,
        990.0712847709656,
        991.7462306022644,
        994.6618719100952,
        990.4896204471588,
        996.2470831871033,
        993.8699159622192,
        1098.9732594490051,
        1093.8434064388275,
        1095.7215917110443
    ],
    "change_points": [
        40
    ],
    "ticks": {
        "min": 952.2054494857788,
        "max": 1123.4345611095428
    }
}