{
    "labels": [
        "791492648",
        "791492648",
        "791492648",
        "792399666",
        "792399666",
        "792399666",
        "793261523",
        "794829766",
        "794829766",
        "794829766"
    ],
    "times": [
        983.8081510066986,
        984.3990375995636,
        982.4139568805695,
        981.9463679790497,
        982.7327094078064,
        983.977251291275,
        978.307737827301,
        984.4308087825775,
        976.6667511463165,
        983.7023887634277
    ],
    "change_points": [],
    "ticks": {
        "min": 975.1139396190644,
        "max": 985.9836203098297
    }
}