{
    "labels": [
        "791492648",
        "791492648",
        "791492648",
        "792399666",
        "792399666",
        "792399666",
        "793261523"
    ],
    "times": [
        983.8081510066986,
        984.3990375995636,
        982.4139568805695,
        981.9463679790497,
        982.7327094078064,
        983.977251291275,
        978.307737827301
    ],
    "change_points": [],
    "ticks": {
        "min": 977.0894778728485,
        "max": 985.6172975540161
    }
}