{
    "labels": [
        "791492648",
        "791492648",
        "791492648"
    ],
    "times": [
        983.8081510066986,
        984.3990375995636,
        982.4139568805695
    ],
    "change_points": [],
    "ticks": {
        "min": 982.0169407367706,
        "max": 984.7960537433624
    }
}