{
    "labels": [
        "791492648",
        "791492648",
        "791492648",
        "792399666",
        "792399666",
        "792399666",
        "793261523",
        "794829766",
        "794829766",
        "794829766",
        "795668572",
        "795668572",
        "795668572",
        "796137693",
        "796137693",
        "796137693",
        "796554015",
        "796554015",
        "796554015",
        "797398455",
        "797398455",
        "797398455"
    ],
    "times": [
        983.8081510066986,
        984.3990375995636,
        982.4139568805695,
        981.9463679790497,
        982.7327094078064,
        983.977251291275,
        978.307737827301,
        984.4308087825775,
        976.6667511463165,
        983.7023887634277,
        982.2899932861328,
        986.2638897895813,
        987.004251241684,
        986.7284669876099,
        987.4097545146942,
        983.2086079120636,
        985.331470489502,
        982.7080459594727,
        986.7080545425415,
        990.8757815361023,
        984.4497768878937,
        985.9456951618195
    ],
    "change_points": [],
    "ticks": {
        "min": 973.8249450683594,
        "max": 993.7175876140594
    }
}