{
    "labels": [
        "791492648",
        "791492648",
        "791492648",
        "792399666",
        "792399666",
        "792399666"
    ],
    "times": [
        983.8081510066986,
        984.3990375995636,
        982.4139568805695,
        981.9463679790497,
        982.7327094078064,
        983.977251291275
    ],
    "change_points": [],
    "ticks": {
        "min": 981.4558340549469,
        "max": 984.8895715236664
    }
}