{
    "labels": [
        "926422613",
        "926422613",
        "926422613",
        "927506329",
        "927506329",
        "929445220",
        "929445220",
        "929445220",
        "930220777",
        "936207387",
        "936207387",
        "936207387",
        "937242999"
    ],
    "times": [
        65.98177123069763,
        66.10124897956848,
        65.58717799186707,
        65.23770451545715,
        65.66374850273132,
        66.37119746208191,
        66.23516082763672,
        66.22599220275879,
        65.29526281356812,
        66.84672260284424,
        66.29048085212708,
        66.80385875701904,
        65.4303092956543
    ],
    "change_points": [],
    "ticks": {
        "min": 64.91590089797974,
        "max": 67.16852622032165
    }
}