{
    "labels": [
        "926422613",
        "926422613",
        "926422613",
        "927506329",
        "927506329"
    ],
    "times": [
        65.98177123069763,
        66.10124897956848,
        65.58717799186707,
        65.23770451545715,
        65.66374850273132
    ],
    "change_points": [],
    "ticks": {
        "min": 65.06499562263488,
        "max": 66.27395787239075
    }
}