{
    "labels": [
        "926422613",
        "926422613",
        "926422613",
        "927506329",
        "927506329",
        "929445220",
        "929445220",
        "929445220",
        "930220777",
        "936207387",
        "936207387",
        "936207387",
        "937242999",
        "938610480",
        "938610480",
        "939484691",
        "939484691",
        "939484691",
        "939865346",
        "940120224",
        "940120224",
        "940477505",
        "940477505",
        "941730468",
        "941730468"
    ],
    "times": [
        65.98177123069763,
        66.10124897956848,
        65.58717799186707,
        65.23770451545715,
        65.66374850273132,
        66.37119746208191,
        66.23516082763672,
        66.22599220275879,
        65.29526281356812,
        66.84672260284424,
        66.29048085212708,
        66.80385875701904,
        65.4303092956543,
        67.04100728034973,
        66.39445924758911,
        66.65118432044983,
        66.4816644191742,
        67.0172507762909,
        65.8361303806305,
        65.46753358840942,
        65.67765736579895,
        65.23199963569641,
        65.69489645957947,
        66.57733941078186,
        66.06553888320923
    ],
    "change_points": [],
    "ticks": {
        "min": 64.87019810676574,
        "max": 67.4028088092804
    }
}