{
    "labels": [
        "926422613",
        "926422613",
        "926422613",
        "927506329",
        "927506329",
        "929445220",
        "929445220",
        "929445220",
        "930220777"
    ],
    "times": [
        65.98177123069763,
        66.10124897956848,
        65.58717799186707,
        65.23770451545715,
        65.66374850273132,
        66.37119746208191,
        66.23516082763672,
        66.22599220275879,
        65.29526281356812
    ],
    "change_points": [],
    "ticks": {
        "min": 65.0110059261322,
        "max": 66.59789605140686
    }
}