{
    "labels": [
        "926422613",
        "926422613",
        "926422613"
    ],
    "times": [
        65.98177123069763,
        66.10124897956848,
        65.58717799186707
    ],
    "change_points": [],
    "ticks": {
        "min": 65.48436379432678,
        "max": 66.20406317710876
    }
}