{
    "labels": [
        "783957940",
        "783957940",
        "783957940",
        "784852674",
        "784852674",
        "784852674",
        "785598040",
        "785598040",
        "786205345"
    ],
    "times": [
        39.49632453918457,
        39.51755452156067,
        39.42535996437073,
        39.5689582824707,
        39.64762282371521,
        39.44000744819641,
        39.067776918411255,
        39.15210247039795,
        39.0082905292511
    ],
    "change_points": [],
    "ticks": {
        "min": 38.88042407035827,
        "max": 39.775489282608035
    }
}