{
    "labels": [
        "783957940",
        "783957940",
        "783957940",
        "784852674",
        "784852674",
        "784852674",
        "785598040",
        "785598040",
        "786205345",
        "786504363",
        "786804099",
        "786804099",
        "787580842",
        "789213040",
        "789213040",
        "789213040",
        "791492648",
        "791492648",
        "791492648",
        "792399666",
        "793261523",
        "793261523",
        "793261523",
        "794829766",
        "794829766",
        "795668572",
        "795668572",
        "796137693",
        "796554015",
        "796554015",
        "797398455"
    ],
    "times": [
        39.49632453918457,
        39.51755452156067,
        39.42535996437073,
        39.5689582824707,
        39.64762282371521,
        39.44000744819641,
        39.067776918411255,
        39.15210247039795,
        39.0082905292511,
        38.96326041221619,
        39.108702182769775,
        39.25706076622009,
        39.28622889518738,
        39.50940990447998,
        39.27898693084717,
        39.431092977523804,
        39.352810859680176,
        39.7323694229126,
        39.53148341178894,
        39.30634689331055,
        40.02894425392151,
        39.79619026184082,
        39.89877510070801,
        39.03804278373718,
        39.40361833572388,
        39.473827600479126,
        39.13828468322754,
        39.35098361968994,
        39.09306502342224,
        39.237502098083496,
        39.59012246131897
    ],
    "change_points": [],
    "ticks": {
        "min": 38.75012364387512,
        "max": 40.242081022262575
    }
}