{
    "labels": [
        "783957940",
        "783957940",
        "783957940",
        "784852674",
        "784852674",
        "784852674",
        "785598040",
        "785598040",
        "786205345",
        "786504363",
        "786804099",
        "786804099",
        "787580842",
        "789213040",
        "789213040",
        "789213040"
    ],
    "times": [
        39.49632453918457,
        39.51755452156067,
        39.42535996437073,
        39.5689582824707,
        39.64762282371521,
        39.44000744819641,
        39.067776918411255,
        39.15210247039795,
        39.0082905292511,
        38.96326041221619,
        39.108702182769775,
        39.25706076622009,
        39.28622889518738,
        39.50940990447998,
        39.27898693084717,
        39.431092977523804
    ],
    "change_points": [],
    "ticks": {
        "min": 38.82638792991638,
        "max": 39.78449530601502
    }
}