{
    "labels": [
        "783957940",
        "783957940",
        "783957940"
    ],
    "times": [
        39.49632453918457,
        39.51755452156067,
        39.42535996437073
    ],
    "change_points": [],
    "ticks": {
        "min": 39.40692105293274,
        "max": 39.53599343299866
    }
}