{
    "labels": [
        "783957940",
        "783957940",
        "783957940",
        "784852674",
        "784852674",
        "784852674",
        "785598040",
        "785598040"
    ],
    "times": [
        39.49632453918457,
        39.51755452156067,
        39.42535996437073,
        39.5689582824707,
        39.64762282371521,
        39.44000744819641,
        39.067776918411255,
        39.15210247039795
    ],
    "change_points": [],
    "ticks": {
        "min": 38.951807737350464,
        "max": 39.763592004776
    }
}