{
    "labels": [
        "783957940",
        "783957940",
        "783957940",
        "784852674",
        "784852674",
        "784852674"
    ],
    "times": [
        39.49632453918457,
        39.51755452156067,
        39.42535996437073,
        39.5689582824707,
        39.64762282371521,
        39.44000744819641
    ],
    "change_points": [],
    "ticks": {
        "min": 39.38090739250183,
        "max": 39.692075395584105
    }
}