{
    "labels": [
        "694063335",
        "694063335",
        "694063335",
        "694724959",
        "694724959",
        "694724959",
        "697657021",
        "697657021",
        "697657021",
        "697845972",
        "697845972",
        "697845972",
        "709197643",
        "709197643",
        "709697201",
        "709697201",
        "710455374",
        "710455374",
        "710455374",
        "710725479",
        "710725479",
        "710725479",
        "711046145",
        "711046145",
        "711046145",
        "711875211",
        "711875211",
        "711875211"
    ],
    "times": [
        141.4163100719452,
        142.08276772499084,
        142.00216460227966,
        141.81022596359253,
        142.29411220550537,
        142.08887004852295,
        143.5252537727356,
        143.5034694671631,
        143.9265284538269,
        142.34926056861877,
        142.74797463417053,
        143.47813487052917,
        143.80430579185486,
        143.43631958961487,
        141.92455673217773,
        142.48884844779968,
        142.90238285064697,
        141.81718373298645,
        142.81250262260437,
        142.11993145942688,
        142.40713238716125,
        142.29913711547852,
        141.4148645401001,
        142.41668367385864,
        142.2345314025879,
        142.04915118217468,
        143.40394496917725,
        142.54762983322144
    ],
    "change_points": [],
    "ticks": {
        "min": 140.91253175735474,
        "max": 144.42886123657226
    }
}