{
    "labels": [
        "694063335",
        "694063335",
        "694063335",
        "694724959",
        "694724959",
        "694724959",
        "697657021",
        "697657021",
        "697657021",
        "697845972",
        "697845972",
        "697845972",
        "709197643",
        "709197643",
        "709697201",
        "709697201",
        "710455374",
        "710455374",
        "710455374",
        "710725479",
        "710725479",
        "710725479",
        "711046145",
        "711046145",
        "711046145",
        "711875211",
        "711875211",
        "711875211",
        "713022850",
        "713022850",
        "713022850",
        "713733923",
        "713733923",
        "713733923",
        "715155759",
        "715155759",
        "715155759",
        "715522561",
        "715522561",
        "719116496",
        "719116496",
        "719116496",
        "719491810",
        "719491810",
        "719491810"
    ],
    "times": [
        141.4163100719452,
        142.08276772499084,
        142.00216460227966,
        141.81022596359253,
        142.29411220550537,
        142.08887004852295,
        143.5252537727356,
        143.5034694671631,
        143.9265284538269,
        142.34926056861877,
        142.74797463417053,
        143.47813487052917,
        143.80430579185486,
        143.43631958961487,
        141.92455673217773,
        142.48884844779968,
        142.90238285064697,
        141.81718373298645,
        142.81250262260437,
        142.11993145942688,
        142.40713238716125,
        142.29913711547852,
        141.4148645401001,
        142.41668367385864,
        142.2345314025879,
        142.04915118217468,
        143.40394496917725,
        142.54762983322144,
        141.43184232711792,
        141.337464094162,
        140.8476529121399,
        140.72909784317017,
        141.67511773109436,
        141.781920671463,
        141.05791544914246,
        141.22733283042908,
        141.0810034275055,
        140.35077810287476,
        141.08863353729248,
        139.73127102851868,
        140.18036031723022,
        140.85878920555115,
        141.06271958351135,
        140.51299357414246,
        140.4165358543396
    ],
    "change_points": [],
    "ticks": {
        "min": 138.89221954345703,
        "max": 144.76557993888855
    }
}