{
    "labels": [
        "694063335",
        "694063335",
        "694063335"
    ],
    "times": [
        141.4163100719452,
        142.08276772499084,
        142.00216460227966
    ],
    "change_points": [],
    "ticks": {
        "min": 141.28301854133605,
        "max": 142.2160592556
    }
}