{
    "labels": [
        "694063335",
        "694063335",
        "694063335",
        "694724959",
        "694724959",
        "694724959",
        "697657021",
        "697657021",
        "697657021"
    ],
    "times": [
        141.4163100719452,
        142.08276772499084,
        142.00216460227966,
        141.81022596359253,
        142.29411220550537,
        142.08887004852295,
        143.5252537727356,
        143.5034694671631,
        143.9265284538269
    ],
    "change_points": [
        6
    ],
    "ticks": {
        "min": 140.91426639556886,
        "max": 144.42857213020324
    }
}