{
    "labels": [
        "694063335",
        "694063335",
        "694063335",
        "694724959",
        "694724959",
        "694724959"
    ],
    "times": [
        141.4163100719452,
        142.08276772499084,
        142.00216460227966,
        141.81022596359253,
        142.29411220550537,
        142.08887004852295
    ],
    "change_points": [],
    "ticks": {
        "min": 141.24074964523317,
        "max": 142.4696726322174
    }
}