{
    "labels": [
        "612893019",
        "613525669",
        "613525669",
        "614153275",
        "614153275",
        "614866252",
        "615605133",
        "615961264",
        "617750507",
        "621901070",
        "624515634",
        "627535031",
        "636836257",
        "641503729",
        "644354630",
        "646546008",
        "647838215",
        "649960615",
        "649960615",
        "656200121",
        "658316784",
        "658316784",
        "659044296",
        "659044296",
        "660432631",
        "661835400",
        "664494758",
        "665273443",
        "665273443",
        "665273443",
        "665619201",
        "665889805",
        "665889805",
        "665889805",
        "666439638"
    ],
    "times": [
        1507.1842639446259,
        1927.2614858150482,
        1657.3688719272614,
        2007.2047820091248,
        1951.8063626289368,
        1425.1273641586304,
        1425.3458790779114,
        1338.682799577713,
        1328.548124551773,
        1324.5583846569061,
        1386.9803774356842,
        1505.1756443977356,
        1283.5921959877014,
        1288.0001134872437,
        1563.6695039272308,
        1315.3891043663025,
        1646.1967079639435,
        1748.0264430046082,
        1714.5326418876648,
        1447.2943012714386,
        1635.2952439785004,
        1596.8688888549805,
        1600.585657119751,
        1464.624541759491,
        1308.0412907600403,
        1451.4727680683136,
        1266.1779696941376,
        2208.005964040756,
        2214.713405609131,
        1996.224115371704,
        1451.900077342987,
        1726.4867973327637,
        1740.495297908783,
        1547.4295513629913,
        1314.837155342102
    ],
    "change_points": [],
    "ticks": {
        "min": 1076.4708825111388,
        "max": 2404.4204927921296
    }
}