{
    "labels": [
        "612893019",
        "613525669",
        "613525669",
        "614153275",
        "614153275"
    ],
    "times": [
        1507.1842639446259,
        1927.2614858150482,
        1657.3688719272614,
        2007.2047820091248,
        1951.8063626289368
    ],
    "change_points": [],
    "ticks": {
        "min": 1407.180160331726,
        "max": 2107.2088856220244
    }
}