{
    "labels": [
        "612893019"
    ],
    "times": [
        1507.1842639446259
    ],
    "change_points": [],
    "ticks": {
        "min": 1507.1842639446259,
        "max": 1507.1842639446259
    }
}