{
    "labels": [
        "612893019",
        "613525669",
        "613525669",
        "614153275",
        "614153275",
        "614866252",
        "615605133"
    ],
    "times": [
        1507.1842639446259,
        1927.2614858150482,
        1657.3688719272614,
        2007.2047820091248,
        1951.8063626289368,
        1425.1273641586304,
        1425.3458790779114
    ],
    "change_points": [],
    "ticks": {
        "min": 1308.7118805885316,
        "max": 2123.6202655792235
    }
}