{
    "labels": [
        "612893019",
        "613525669",
        "613525669",
        "614153275",
        "614153275",
        "614866252",
        "615605133",
        "615961264",
        "617750507",
        "621901070",
        "624515634",
        "627535031"
    ],
    "times": [
        1507.1842639446259,
        1927.2614858150482,
        1657.3688719272614,
        2007.2047820091248,
        1951.8063626289368,
        1425.1273641586304,
        1425.3458790779114,
        1338.682799577713,
        1328.548124551773,
        1324.5583846569061,
        1386.9803774356842,
        1505.1756443977356
    ],
    "change_points": [
        5
    ],
    "ticks": {
        "min": 1188.0291051864624,
        "max": 2143.7340614795685
    }
}