{
    "labels": [
        "612893019",
        "613525669",
        "613525669"
    ],
    "times": [
        1507.1842639446259,
        1927.2614858150482,
        1657.3688719272614
    ],
    "change_points": [],
    "ticks": {
        "min": 1423.1688195705415,
        "max": 2011.2769301891326
    }
}