{
    "labels": [
        "925581880"
    ],
    "times": [
        92.3670551776886
    ],
    "change_points": [],
    "ticks": {
        "min": 92.3670551776886,
        "max": 92.3670551776886
    }
}