{
    "labels": [
        "925581880",
        "926422613",
        "926422613",
        "926422613",
        "927506329",
        "927506329",
        "927506329"
    ],
    "times": [
        92.3670551776886,
        92.70130062103271,
        92.70623326301575,
        93.32404494285583,
        93.38006138801575,
        92.99805307388306,
        93.50319027900696
    ],
    "change_points": [],
    "ticks": {
        "min": 92.13982815742493,
        "max": 93.73041729927063
    }
}