{
    "labels": [
        "925581880",
        "926422613",
        "926422613",
        "926422613"
    ],
    "times": [
        92.3670551776886,
        92.70130062103271,
        92.70623326301575,
        93.32404494285583
    ],
    "change_points": [],
    "ticks": {
        "min": 92.17565722465515,
        "max": 93.51544289588928
    }
}