{
    "labels": [
        "925581880",
        "926422613",
        "926422613",
        "926422613",
        "927506329",
        "927506329",
        "927506329",
        "929445220",
        "929445220",
        "929445220",
        "930220777",
        "930220777",
        "930220777",
        "936207387",
        "936207387",
        "936207387",
        "937242999",
        "937242999",
        "937242999",
        "938610480",
        "939484691",
        "939484691",
        "939484691"
    ],
    "times": [
        92.3670551776886,
        92.70130062103271,
        92.70623326301575,
        93.32404494285583,
        93.38006138801575,
        92.99805307388306,
        93.50319027900696,
        93.0671215057373,
        93.53988933563232,
        92.75879645347595,
        92.78003859519958,
        92.43073654174805,
        92.52582716941833,
        93.50410199165344,
        92.8633553981781,
        93.04029679298401,
        93.04666829109192,
        93.68907928466797,
        93.53228759765625,
        92.79054355621338,
        93.30930638313293,
        93.45276165008545,
        93.37240290641785
    ],
    "change_points": [],
    "ticks": {
        "min": 92.10265035629273,
        "max": 93.95348410606384
    }
}