{
    "labels": [
        "925581880",
        "926422613",
        "926422613",
        "926422613",
        "927506329",
        "927506329",
        "927506329",
        "929445220",
        "929445220",
        "929445220",
        "930220777",
        "930220777",
        "930220777"
    ],
    "times": [
        92.3670551776886,
        92.70130062103271,
        92.70623326301575,
        93.32404494285583,
        93.38006138801575,
        92.99805307388306,
        93.50319027900696,
        93.0671215057373,
        93.53988933563232,
        92.75879645347595,
        92.78003859519958,
        92.43073654174805,
        92.52582716941833
    ],
    "change_points": [],
    "ticks": {
        "min": 92.13248834609985,
        "max": 93.77445616722108
    }
}