{
    "labels": [
        "687475565",
        "687475565",
        "688294602",
        "688294602",
        "689038228",
        "689038228",
        "689038228",
        "689038228"
    ],
    "times": [
        59.34131073951721,
        58.59546399116516,
        58.05026721954346,
        58.5534827709198,
        58.41657543182373,
        58.915860176086426,
        58.73164129257202,
        58.767083168029785
    ],
    "change_points": [],
    "ticks": {
        "min": 57.7920585155487,
        "max": 59.599519443511966
    }
}