{
    "labels": [
        "687475565",
        "687475565",
        "688294602",
        "688294602"
    ],
    "times": [
        59.34131073951721,
        58.59546399116516,
        58.05026721954346,
        58.5534827709198
    ],
    "change_points": [],
    "ticks": {
        "min": 57.7920585155487,
        "max": 59.599519443511966
    }
}