{
    "labels": [
        "687475565",
        "687475565"
    ],
    "times": [
        59.34131073951721,
        58.59546399116516
    ],
    "change_points": [],
    "ticks": {
        "min": 58.44629464149475,
        "max": 59.49048008918762
    }
}