{
    "labels": [
        "687475565",
        "687475565",
        "688294602",
        "688294602",
        "689038228",
        "689038228",
        "689038228",
        "689038228",
        "694063335",
        "694063335",
        "694063335",
        "694724959",
        "694724959",
        "694724959",
        "697657021",
        "697657021",
        "697845972",
        "697845972",
        "697845972",
        "697845972"
    ],
    "times": [
        59.34131073951721,
        58.59546399116516,
        58.05026721954346,
        58.5534827709198,
        58.41657543182373,
        58.915860176086426,
        58.73164129257202,
        58.767083168029785,
        58.394270181655884,
        58.568604946136475,
        58.74222421646118,
        58.421496629714966,
        58.97228407859802,
        58.705172061920166,
        58.47647452354431,
        58.78068137168884,
        58.828120708465576,
        58.979042053222656,
        59.33366060256958,
        58.899537563323975
    ],
    "change_points": [],
    "ticks": {
        "min": 57.7920585155487,
        "max": 59.599519443511966
    }
}